{
  "G" : 0.024701773661905499,
  "U" : 0.036316904724533,
  "H" : 0.030038455501491101,
  "V" : 0.0100651389106891,
  "I" : 0.075439491445612905,
  "W" : 0.012890441061057901,
  "J" : 0.0019620153822005998,
  "X" : 0.0029037827656568801,
  "K" : 0.0110069062941453,
  "Y" : 0.017775859362737401,
  "L" : 0.0548971903939727,
  "Z" : 0.0027272013812588299,
  "M" : 0.0301365562706012,
  "N" : 0.066551561764244205,
  "A" : 0.084974886203107794,
  "O" : 0.071633181604143795,
  "B" : 0.0207188824360383,
  "P" : 0.031666928268717601,
  "C" : 0.045381415790299799,
  "Q" : 0.0019620153822005998,
  "D" : 0.033844765342960298,
  "R" : 0.075812274368231,
  "E" : 0.11159943493957,
  "S" : 0.057349709621723401,
  "F" : 0.018129022131533501,
  "T" : 0.069514204991367096
}
